Dates,Pollster,Sample,Influence,Approve,Disapprove,Net
"8/29 - 9/2, 2025@@23986",<a href='https://d3nkl3psvxxpe9.cloudfront.net/documents/econTabReport_S3c69M7.pdf'style='color:#000000; text-decoration: underline;'target='_blank' rel='nofollow noopener'>YouGov</a>^Sponsor: Economist^,"1,691 A@@1691",0.9830433,47,48,-1
"8/29 - 8/31, 2025@@23984",<a href='https://pro.morningconsult.com/trackers/donald-trump-congress-policy-republicans-polling'style='color:#000000; text-decoration: underline;'target='_blank' rel='nofollow noopener'>Morning Consult</a>,"2,202 RV@@2202",0.7162402,49,45,4
"8/21 - 8/25, 2025@@23978",<a href='https://apnorc.org/wp-content/uploads/2025/08/AP-NORC-August-2025-Topline-Crime.pdf'style='color:#000000; text-decoration: underline;'target='_blank' rel='nofollow noopener'>AP-NORC</a>,"1,182 A@@1182",0.6247305,44,53,-9
"8/20 - 8/21, 2025@@23974",<a href='https://harvardharrispoll.com/topline-august/'style='color:#000000; text-decoration: underline;'target='_blank' rel='nofollow noopener'>Harris Insights & Analytics</a>^Sponsor: Harvard CAPS^,"2,025 RV@@2025",0.5704131,50,45,5
"8/22 - 8/25, 2025@@23978",<a href='https://d3nkl3psvxxpe9.cloudfront.net/documents/econTabReport_otzzSNZ.pdf'style='color:#000000; text-decoration: underline;'target='_blank' rel='nofollow noopener'>YouGov</a>^Sponsor: Economist^,"1,523 A@@1523",0.4664088,46,50,-4
"8/18 - 8/19, 2025@@23972",<a href='https://napolitannews.org/posts/how-is-trump-doing-on-voters-top-issues'style='color:#000000; text-decoration: underline;'target='_blank' rel='nofollow noopener'>RMG Research</a>^Sponsor: Napolitan News Service^,"1,000 RV@@1000",0.3723527,50,45,5
"8/18 - 8/21, 2025@@23974",<a href='https://www.gelliottmorris.com/p/democrats-lead-the-us-house-generic'style='color:#000000; text-decoration: underline;'target='_blank' rel='nofollow noopener'>Verasight</a>^Sponsor: Strength in Numbers^,"1,500 A@@1500",0.3720986,46,51,-5
"8/22 - 8/24, 2025@@23977",<a href='https://www.ipsos.com/sites/default/files/Reuters%20Ipsos%20Core%20Political%20Presidential%20Approval%20Tracker%20August%202025.pdf'style='color:#000000; text-decoration: underline;'target='_blank' rel='nofollow noopener'>Ipsos</a>^Sponsor: Reuters^,"1,022 A@@1022",0.3692391,43,51,-8
"8/14 - 8/18, 2025@@23971",<a href='https://echelonin.wpenginepowered.com/wp-content/uploads/August-2025-Voter-Omnibus-Topline-External.pdf'style='color:#000000; text-decoration: underline;'target='_blank' rel='nofollow noopener'>Echelon Insights</a>,"1,057 LV@@1057",0.3415011,47,51,-4
"8/22 - 8/24, 2025@@23977",<a href='https://pro.morningconsult.com/trackers/donald-trump-congress-policy-republicans-polling'style='color:#000000; text-decoration: underline;'target='_blank' rel='nofollow noopener'>Morning Consult</a>,"2,200 RV@@2200",0.3183876,52,42,10
"8/13 - 8/18, 2025@@23971",<a href='https://www.reuters.com/world/us/trump-approval-holds-40-lowest-level-his-term-reutersipsos-poll-finds-2025-08-18/'style='color:#000000; text-decoration: underline;'target='_blank' rel='nofollow noopener'>Ipsos</a>^Sponsor: Reuters^,"4,446 A@@4446",0.2854787,43,48,-5
"8/15 - 8/18, 2025@@23971",<a href='https://d3nkl3psvxxpe9.cloudfront.net/documents/econTabReport_sBoaiA0.pdf'style='color:#000000; text-decoration: underline;'target='_blank' rel='nofollow noopener'>YouGov</a>^Sponsor: Economist^,"1,568 A@@1568",0.1869702,43,53,-10
"8/15 - 8/18, 2025@@23971",<a href='https://pro.morningconsult.com/trackers/donald-trump-congress-policy-republicans-polling'style='color:#000000; text-decoration: underline;'target='_blank' rel='nofollow noopener'>Morning Consult</a>,"2,201 RV@@2201",0.1435667,49,44,5
"8/9 - 8/11, 2025@@23964",<a href='https://d3nkl3psvxxpe9.cloudfront.net/documents/econTabReport_Y7xe8fY.pdf'style='color:#000000; text-decoration: underline;'target='_blank' rel='nofollow noopener'>YouGov</a>^Sponsor: Economist^,"1,635 A@@1635",0.0545966,47,48,-1
"8/8 - 8/10, 2025@@23963",<a href='https://pro.morningconsult.com/trackers/donald-trump-congress-policy-republicans-polling'style='color:#000000; text-decoration: underline;'target='_blank' rel='nofollow noopener'>Morning Consult</a>,"2,200 RV@@2200",0.040214,52,42,10
"8/1 - 8/4, 2025@@23957",<a href='https://d3nkl3psvxxpe9.cloudfront.net/documents/econTabReport_lSgdLYM.pdf'style='color:#000000; text-decoration: underline;'target='_blank' rel='nofollow noopener'>YouGov</a>^Sponsor: Economist^,"1,702 A@@1702",0.0147942,45,51,-6
"7/29 - 8/3, 2025@@23956",<a href='https://pos.org/wp-content/uploads/2025/08/250178-CNBC-AAES-Q2-2025-Topline-8-7-2025-Release.pdf'style='color:#000000; text-decoration: underline;'target='_blank' rel='nofollow noopener'>Hart Research Associates/Public Opinion Strategies</a>^Sponsor: CNBC^,"1,000 A@@1000",0.0136611,49,49,0
"8/1 - 8/3, 2025@@23956",<a href='https://pro.morningconsult.com/trackers/donald-trump-congress-policy-republicans-polling'style='color:#000000; text-decoration: underline;'target='_blank' rel='nofollow noopener'>Morning Consult</a>,"2,201 RV@@2201",0.0087769,50,43,7
"7/24 - 7/31, 2025@@23953",<a href='https://static1.squarespace.com/static/61ae8d5e55be5c7314b4c83a/t/68936b40c111f97bb04773dd/1754491714447/Clarity+Omnibus+Overview+-+July+2025+%5BPUBLIC%5D.pdf'style='color:#000000; text-decoration: underline;'target='_blank' rel='nofollow noopener'>Clarity Campaign Labs</a>,"1,018 RV@@1018",0,45,52,-7
"7/25 - 7/30, 2025@@23952",<a href='https://www.umass.edu/political-science/about/reports/2025-9#toc-toplines-and-crosstabs'style='color:#000000; text-decoration: underline;'target='_blank' rel='nofollow noopener'>University of Massachusetts (Amherst)</a>^Sponsor: WCVB-TV^,"1,000 A@@1000",0,41,54,-13
"7/28 - 7/29, 2025@@23951",<a href='https://johnzogbystrategies.com/new-zogby-strategies-poll-reveals-intense-collapse-among-trump-supporters/'style='color:#000000; text-decoration: underline;'target='_blank' rel='nofollow noopener'>John Zogby Strategies</a>,"1,010 LV@@1010",0,48.8,47.9,0.8999977
"7/24 - 7/28, 2025@@23950",<a href='https://d3nkl3psvxxpe9.cloudfront.net/documents/20250728_yahoo.pdf'style='color:#000000; text-decoration: underline;'target='_blank' rel='nofollow noopener'>YouGov</a>^Sponsor: Yahoo News^,"1,729 A@@1729",0,44,52,-8
"7/25 - 7/28, 2025@@23950",<a href='https://d3nkl3psvxxpe9.cloudfront.net/documents/econTabReport_7Bn59Tx.pdf'style='color:#000000; text-decoration: underline;'target='_blank' rel='nofollow noopener'>YouGov</a>^Sponsor: Economist^,"1,777 A@@1777",0,44,50,-6
"7/25 - 7/27, 2025@@23949",<a href='www.ipsos.com/en-us/ipsos-core-political-survey-presidential-approval-tracker-july-2025'style='color:#000000; text-decoration: underline;'target='_blank' rel='nofollow noopener'>Ipsos</a>^Sponsor: Reuters^,"1,023 A@@1023",0,43,51,-8
"7/25 - 7/27, 2025@@23949",<a href='https://pro.morningconsult.com/trackers/donald-trump-congress-policy-republicans-polling'style='color:#000000; text-decoration: underline;'target='_blank' rel='nofollow noopener'>Morning Consult</a>,"2,203 RV@@2203",0,50,43,7
"7/21 - 7/24, 2025@@23946",<a href='https://americasnewmajorityproject.com/wp-content/uploads/2025/07/20250724-NationalANMP-Topline.pdf'style='color:#000000; text-decoration: underline;'target='_blank' rel='nofollow noopener'>McLaughlin & Associates</a>^Sponsor: America's New Majority Project^,"2,000 RV@@2000",0,53.1,43.3,9.799999
"7/21 - 7/22, 2025@@23944",<a href='https://docs.google.com/spreadsheets/d/1iZsOtBWxln95TjYfOOGE6cfqX6WC86M8/edit?gid=1487510779#gid=1487510779'style='color:#000000; text-decoration: underline;'target='_blank' rel='nofollow noopener'>Emerson College</a>^Sponsor: Nexstar^,"1,400 RV@@1400",0,45,45.9,-0.9000015
"7/18 - 7/21, 2025@@23943",<a href='https://www.highpoint.edu/src/files/2023/08/hpupoll112A.pdf'style='color:#000000; text-decoration: underline;'target='_blank' rel='nofollow noopener'>High Point University</a>,"1,000 A@@1000",0,41,50,-9
"7/7 - 7/21, 2025@@23943",<a href='https://news.gallup.com/poll/692879/independents-drive-trump-approval-second-term-low.aspx'style='color:#000000; text-decoration: underline;'target='_blank' rel='nofollow noopener'>Gallup</a>,"1,002 A@@1002",0,38,60,-22
"7/18 - 7/21, 2025@@23943",<a href='https://static.foxnews.com/foxnews.com/content/uploads/2025/07/fox_july-18-21-2025_national_topline_july-23-release.pdf'style='color:#000000; text-decoration: underline;'target='_blank' rel='nofollow noopener'>Beacon Research/Shaw & Co. Research</a>^Sponsor: FOX News^,"1,000 RV@@1000",0,48,51,-3
"7/18 - 7/21, 2025@@23943",<a href='https://d3nkl3psvxxpe9.cloudfront.net/documents/econTabReport_QYo5riR.pdf'style='color:#000000; text-decoration: underline;'target='_blank' rel='nofollow noopener'>YouGov</a>^Sponsor: Economist^,"1,729 A@@1729",0,45,50,-5
"7/16 - 7/20, 2025@@23942",<a href='https://prod-i.a.dj.com/public/resources/documents/Redacted1WSJPollJuly2025.pdf'style='color:#000000; text-decoration: underline;'target='_blank' rel='nofollow noopener'>Fabrizio Lee & Associates/Impact Research</a>^Sponsor: Wall Street Journal^,"1,500 RV@@1500",0,48,51,-3
"7/18 - 7/20, 2025@@23942",<a href='https://pro.morningconsult.com/trackers/donald-trump-congress-policy-republicans-polling'style='color:#000000; text-decoration: underline;'target='_blank' rel='nofollow noopener'>Morning Consult</a>,"2,202 RV@@2202",0,51,42,9
"7/16 - 7/18, 2025@@23940",<a href='https://www.scribd.com/document/890583482/Cbsnews-20250720-1-SUNDAY#download&from_embed'style='color:#000000; text-decoration: underline;'target='_blank' rel='nofollow noopener'>YouGov</a>^Sponsor: CBS News^,"2,343 A@@2343",0,44,56,-12
"7/13 - 7/18, 2025@@23940",<a href='https://cdn.atlasintel.org/20e36f18-42bd-4a28-85f4-9f623905ba71.pdf?_gl=1*voq1b4*_ga*MTIxNzc2MTg3My4xNzUyODcwNjM4*_ga_W78QD5CNP1*czE3NTI4NzA2MzkkbzEkZzEkdDE3NTI4NzE3OTIkajYwJGwwJGgw'style='color:#000000; text-decoration: underline;'target='_blank' rel='nofollow noopener'>AtlasIntel</a>,"1,935 A@@1935",0,45,54,-9
"7/14 - 7/16, 2025@@23938",<a href='https://www.gelliottmorris.com/p/new-poll-dems-lead-house-generic'style='color:#000000; text-decoration: underline;'target='_blank' rel='nofollow noopener'>Verasight</a>^Sponsor: Strength in Numbers^,"1,500 A@@1500",0,45,52,-7
"7/16 - 7/16, 2025@@23938",<a href='https://napolitannews.org/posts/over-half-of-voters-approve-of-trumps-handling-of-immigration-and-crime'style='color:#000000; text-decoration: underline;'target='_blank' rel='nofollow noopener'>RMG Research</a>^Sponsor: Napolitan News Service^,"1,000 RV@@1000",0,52,47,5
"7/7 - 7/16, 2025@@23938",<a href='https://law.marquette.edu/poll/2025/07/23/detailed-results-of-the-marquette-law-school-supreme-court-poll-july-7-16-2025-national-issues/'style='color:#000000; text-decoration: underline;'target='_blank' rel='nofollow noopener'>Marquette University Law School</a>,"1,005 A@@1005",0,47,53,-6
"7/15 - 7/16, 2025@@23938",<a href='https://www.reuters.com/world/us/trumps-approval-immigration-falls-lowest-level-his-term-reutersipsos-poll-finds-2025-07-16/'style='color:#000000; text-decoration: underline;'target='_blank' rel='nofollow noopener'>Ipsos</a>^Sponsor: Reuters^,"1,027 A@@1027",0,41,51,-10
"7/10 - 7/14, 2025@@23936",<a href='https://apnorc.org/wp-content/uploads/2025/07/July-W1-Topline-Trump.pdf'style='color:#000000; text-decoration: underline;'target='_blank' rel='nofollow noopener'>AP-NORC</a>,"1,473 A@@1473",0,43,55,-12
"7/11 - 7/14, 2025@@23936",<a href='https://d3nkl3psvxxpe9.cloudfront.net/documents/econTabReport_fFL8Pon.pdf'style='color:#000000; text-decoration: underline;'target='_blank' rel='nofollow noopener'>YouGov</a>^Sponsor: Economist^,"1,680 A@@1680",0,45,51,-6
"7/10 - 7/14, 2025@@23936",<a href='https://echelonin.wpenginepowered.com/wp-content/uploads/July-2025-Voter-Omnibus-Topline-External.pdf'style='color:#000000; text-decoration: underline;'target='_blank' rel='nofollow noopener'>Echelon Insights</a>,"1,084 LV@@1084",0,49,48,1
"7/10 - 7/14, 2025@@23936",<a href='https://poll.qu.edu/poll-release?releaseid=3928'style='color:#000000; text-decoration: underline;'target='_blank' rel='nofollow noopener'>Quinnipiac University</a>,"1,290 RV@@1290",0,40,55,-15
"7/11 - 7/13, 2025@@23935",<a href='https://pro.morningconsult.com/trackers/donald-trump-congress-policy-republicans-polling'style='color:#000000; text-decoration: underline;'target='_blank' rel='nofollow noopener'>Morning Consult</a>,"2,201 RV@@2201",0,51,43,8
"7/10 - 7/13, 2025@@23935",<a href='https://s3.documentcloud.org/documents/25999223/cnn-poll-conducted-by-ssrs-trump-approval-policy-and-budget-bill.pdf'style='color:#000000; text-decoration: underline;'target='_blank' rel='nofollow noopener'>SSRS</a>^Sponsor: CNN^,"1,057 A@@1057",0,42,58,-16
"7/9 - 7/13, 2025@@23935",<a href='https://d3nkl3psvxxpe9.cloudfront.net/documents/Trump_Issue_Handling_poll_results.pdf'style='color:#000000; text-decoration: underline;'target='_blank' rel='nofollow noopener'>YouGov</a>,"2,104 A@@2104",0,42,51,-9
"7/6 - 7/8, 2025@@23930",<a href='https://harvardharrispoll.com/wp-content/uploads/2025/07/HHP_July2025_Topline.pdf'style='color:#000000; text-decoration: underline;'target='_blank' rel='nofollow noopener'>Harris Insights & Analytics</a>^Sponsor: Harvard CAPS^,"2,044 RV@@2044",0,50,46,4
"7/4 - 7/7, 2025@@23929",<a href='https://d3nkl3psvxxpe9.cloudfront.net/documents/econTabReport_haeOEK5.pdf'style='color:#000000; text-decoration: underline;'target='_blank' rel='nofollow noopener'>YouGov</a>^Sponsor: Economist^,"1,528 A@@1528",0,45,48,-3
"7/3 - 7/6, 2025@@23928",<a href='https://pro.morningconsult.com/trackers/donald-trump-congress-policy-republicans-polling'style='color:#000000; text-decoration: underline;'target='_blank' rel='nofollow noopener'>Morning Consult</a>,"2,203 RV@@2203",0,50,43,7
"6/30 - 7/2, 2025@@23924",<a href='https://www.rasmussenreports.com/public_content/politics/trump_administration_second_term/alligator_alcatraz_divides_voters'style='color:#000000; text-decoration: underline;'target='_blank' rel='nofollow noopener'>Rasmussen Reports</a>,"1,082 LV@@1082",0,45,52,-7
"6/27 - 6/30, 2025@@23922",<a href='https://d3nkl3psvxxpe9.cloudfront.net/documents/econTabReport_B1ETIg8.pdf#page38'style='color:#000000; text-decoration: underline;'target='_blank' rel='nofollow noopener'>YouGov</a>^Sponsor: Economist^,"1,648 A@@1648",0,47,50,-3
"6/26 - 6/30, 2025@@23922",<a href='https://navigatorresearch.org/wp-content/uploads/2025/07/Navigator-Topline-F06.30.25.pdf?emci=ce8cac3e-8956-f011-8f7c-6045bdfe8e9c&emdi=88836e6f-9456-f011-8f7c-6045bdfe8e9c&ceid=1590570'style='color:#000000; text-decoration: underline;'target='_blank' rel='nofollow noopener'>Global Strategy Group/GBAO (Navigator Research)</a>,"1,000 RV@@1000",0,47,50,-3
"6/27 - 6/29, 2025@@23921",<a href='https://pro.morningconsult.com/trackers/donald-trump-congress-policy-republicans-polling'style='color:#000000; text-decoration: underline;'target='_blank' rel='nofollow noopener'>Morning Consult</a>,"2,202 RV@@2202",0,51,43,8
"6/2 - 6/26, 2025@@23918",<a href='https://news.gallup.com/poll/692522/surge-concern-immigration-abated.aspx'style='color:#000000; text-decoration: underline;'target='_blank' rel='nofollow noopener'>Gallup</a>,"1,402 A@@1402",0,35,62,-27
"6/25 - 6/26, 2025@@23918",<a href='https://tysongroup.co/wp-content/uploads/2025/06/June-2025-Issue-Survey.pdf'style='color:#000000; text-decoration: underline;'target='_blank' rel='nofollow noopener'>The Tyson Group</a>,"1,027 A@@1027",0,48,44,4
"6/23 - 6/25, 2025@@23917",<a href='https://maristpoll.marist.edu/wp-content/uploads/2025/06/NPR_PBS-News_Marist-Poll_USA-NOS-and-Tables_202506271427.pdf'style='color:#000000; text-decoration: underline;'target='_blank' rel='nofollow noopener'>Marist College</a>^Sponsor: NPR | PBS News^,"1,381 A@@1381",0,43,52,-9
"6/24 - 6/25, 2025@@23917",<a href='https://johnzogbystrategies.com/wp-content/uploads/2025/06/S-Approval-US-Likely-062425.pdf'style='color:#000000; text-decoration: underline;'target='_blank' rel='nofollow noopener'>John Zogby Strategies</a>,"1,006 LV@@1006",0,49.4,46.8,2.600002
"6/22 - 6/24, 2025@@23916",<a href='https://poll.qu.edu/poll-release?releaseid=3926'style='color:#000000; text-decoration: underline;'target='_blank' rel='nofollow noopener'>Quinnipiac University</a>,979 RV@@979,0,41,57,-16
"6/21 - 6/23, 2025@@23915",<a href='https://www.ipsos.com/sites/default/files/ct/news/documents/2025-06/Reuters%20Ipsos%20U.S.%20Iran%20Survey%20Topline%2006%2023%202025.pdf'style='color:#000000; text-decoration: underline;'target='_blank' rel='nofollow noopener'>Ipsos</a>^Sponsor: Reuters^,"1,139 A@@1139",0,43,51,-8
"6/20 - 6/23, 2025@@23915",<a href='https://d3nkl3psvxxpe9.cloudfront.net/documents/econTabReport_uvch8qB.pdf'style='color:#000000; text-decoration: underline;'target='_blank' rel='nofollow noopener'>YouGov</a>^Sponsor: Economist^,"1,590 A@@1590",0,45,49,-4
"6/20 - 6/22, 2025@@23914",<a href='https://pro.morningconsult.com/trackers/donald-trump-congress-policy-republicans-polling'style='color:#000000; text-decoration: underline;'target='_blank' rel='nofollow noopener'>Morning Consult</a>,"2,205 RV@@2205",0,49,43,6
"6/20 - 6/22, 2025@@23914",<a href='https://www.ipsos.com/sites/default/files/Reuters%20Ipsos%20Core%20Political%20Presidential%20Approval%20Tracker%2006%2025%202025.pdf'style='color:#000000; text-decoration: underline;'target='_blank' rel='nofollow noopener'>Ipsos</a>^Sponsor: Reuters^,"1,144 A@@1144",0,43,51,-8
"6/18 - 6/19, 2025@@23911",<a href='https://napolitannews.org/posts/significant-shift-in-support-for-trump-on-immigration'style='color:#000000; text-decoration: underline;'target='_blank' rel='nofollow noopener'>RMG Research</a>^Sponsor: Napolitan News Service^,"1,000 RV@@1000",0,49,49,0
"6/17 - 6/18, 2025@@23910",<a href='https://echelonin.wpenginepowered.com/wp-content/uploads/June-2025-Middle-East-Update.pdf'style='color:#000000; text-decoration: underline;'target='_blank' rel='nofollow noopener'>Echelon Insights</a>,"1,002 LV@@1002",0,51,48,3
"6/12 - 6/17, 2025@@23909",<a href='https://echelonin.wpenginepowered.com/wp-content/uploads/June-2025-Voter-Omnibus-Topline-EXTERNAL.pdf'style='color:#000000; text-decoration: underline;'target='_blank' rel='nofollow noopener'>Echelon Insights</a>,982 LV@@982,0,47,51,-4
"6/13 - 6/16, 2025@@23908",<a href='https://d3nkl3psvxxpe9.cloudfront.net/documents/econTabReport_CyorzxR.pdf'style='color:#000000; text-decoration: underline;'target='_blank' rel='nofollow noopener'>YouGov</a>^Sponsor: Economist^,"1,512 A@@1512",0,44,52,-8
"6/11 - 6/16, 2025@@23908",<a href='https://www.reuters.com/world/us/trump-approval-steady-42-support-weakens-his-immigration-policy-reutersipsos-2025-06-16/'style='color:#000000; text-decoration: underline;'target='_blank' rel='nofollow noopener'>Ipsos</a>^Sponsor: Reuters^,"4,258 A@@4258",0,44,49,-5
"6/13 - 6/16, 2025@@23908",<a href='https://static.foxnews.com/foxnews.com/content/uploads/2025/06/fox_june-13-16-2025_national_topline_june-18-release.pdf'style='color:#000000; text-decoration: underline;'target='_blank' rel='nofollow noopener'>Beacon Research/Shaw & Co. Research</a>^Sponsor: FOX News^,"1,003 RV@@1003",0,46,53,-7
"6/13 - 6/15, 2025@@23907",<a href='https://pro.morningconsult.com/trackers/donald-trump-congress-policy-republicans-polling'style='color:#000000; text-decoration: underline;'target='_blank' rel='nofollow noopener'>Morning Consult</a>,"2,207 RV@@2207",0,51,44,7
"6/5 - 6/14, 2025@@23906",<a href='https://static1.squarespace.com/static/61ae8d5e55be5c7314b4c83a/t/6852fc5a3ac4c05449fc450e/1750269023826/Clarity+Omnibus+Overview+-+June+2025+%5BPUBLIC%5D.pdf'style='color:#000000; text-decoration: underline;'target='_blank' rel='nofollow noopener'>Clarity Campaign Labs</a>,"1,000 RV@@1000",0,50,47,3
"6/11 - 6/12, 2025@@23904",<a href='https://harvardharrispoll.com/wp-content/uploads/2025/06/HHP_June2025_Topline.pdf'style='color:#000000; text-decoration: underline;'target='_blank' rel='nofollow noopener'>Harris Insights & Analytics</a>^Sponsor: Harvard CAPS^,"2,097 RV@@2097",0,49,46,3
"6/6 - 6/12, 2025@@23904",<a href='https://www.gelliottmorris.com/p/trump-approval-at-42-democrats-up'style='color:#000000; text-decoration: underline;'target='_blank' rel='nofollow noopener'>Verasight</a>^Sponsor: Strength in Numbers^,"1,500 A@@1500",0,46,49,-3
"6/9 - 6/11, 2025@@23903",<a href='https://www.rasmussenreports.com/public_content/politics/trump_administration_second_term/57_approve_trump_deploying_national_guard_in_la'style='color:#000000; text-decoration: underline;'target='_blank' rel='nofollow noopener'>Rasmussen Reports</a>,"1,079 LV@@1079",0,49,48,1
"6/10 - 6/11, 2025@@23903",<a href='https://www.dailymail.co.uk/news/article-14803593/donald-trump-poll-approval-rating-la-riots.html'style='color:#000000; text-decoration: underline;'target='_blank' rel='nofollow noopener'>J.L. Partners</a>,"1,807 RV@@1807",0,46,37,9
"5/30 - 6/10, 2025@@23902",<a href='https://s3.documentcloud.org/documents/25976104/nbc-news-decision-desk-poll-june-15-2025-topline.pdf'style='color:#000000; text-decoration: underline;'target='_blank' rel='nofollow noopener'>SurveyMonkey</a>^Sponsor: NBC News^,"19,410 A@@19410",0,51,49,2
"6/10 - 6/10, 2025@@23902",<a href='https://www.washingtonpost.com/documents/e75c57e0-10f1-4290-b89b-f20ea6c9dc28.pdf'style='color:#000000; text-decoration: underline;'target='_blank' rel='nofollow noopener'>The Washington Post</a>,"1,015 A@@1015",0,37,52,-15
"6/5 - 6/9, 2025@@23901",<a href='https://poll.qu.edu/poll-release?releaseid=3924'style='color:#000000; text-decoration: underline;'target='_blank' rel='nofollow noopener'>Quinnipiac University</a>,"1,265 RV@@1265",0,43,54,-11
"6/5 - 6/9, 2025@@23901",<a href='https://apnorc.org/wp-content/uploads/2025/06/June-Topline-Parade.pdf'style='color:#000000; text-decoration: underline;'target='_blank' rel='nofollow noopener'>AP-NORC</a>,"1,158 A@@1158",0,46,53,-7
"6/6 - 6/9, 2025@@23901",<a href='https://d3nkl3psvxxpe9.cloudfront.net/documents/econTabReport_B2kkifF.pdf'style='color:#000000; text-decoration: underline;'target='_blank' rel='nofollow noopener'>YouGov</a>^Sponsor: Economist^,"1,533 A@@1533",0,49,45,4
"6/6 - 6/8, 2025@@23900",<a href='https://pro.morningconsult.com/trackers/donald-trump-congress-policy-republicans-polling'style='color:#000000; text-decoration: underline;'target='_blank' rel='nofollow noopener'>Morning Consult</a>,"1,867 RV@@1867",0,51,42,9
"6/2 - 6/8, 2025@@23900",<a href='https://www.pewresearch.org/wp-content/uploads/sites/20/2025/06/PP_2025-6-17_trump-immigration_topline.pdf'style='color:#000000; text-decoration: underline;'target='_blank' rel='nofollow noopener'>Pew Research Center</a>,"5,044 A@@5044",0,42,47,-5
"6/4 - 6/6, 2025@@23898",<a href='https://www.cbsnews.com/news/deportation-immigration-opinion-poll/'style='color:#000000; text-decoration: underline;'target='_blank' rel='nofollow noopener'>YouGov</a>^Sponsor: CBS News^,"2,428 A@@2428",0,50,50,0
"5/30 - 6/2, 2025@@23894",<a href='https://pro.morningconsult.com/trackers/donald-trump-congress-policy-republicans-polling'style='color:#000000; text-decoration: underline;'target='_blank' rel='nofollow noopener'>Morning Consult</a>,"2,205 RV@@2205",0,53,41,12
"5/30 - 6/2, 2025@@23894",<a href='https://d3nkl3psvxxpe9.cloudfront.net/documents/econTabReport_MV984ah.pdf'style='color:#000000; text-decoration: underline;'target='_blank' rel='nofollow noopener'>YouGov</a>^Sponsor: Economist^,"1,610 A@@1610",0,50,43,7
"5/28 - 5/29, 2025@@23890",<a href='https://johnzogbystrategies.com/wp-content/uploads/2025/06/Job-Approval-052825.pdf'style='color:#000000; text-decoration: underline;'target='_blank' rel='nofollow noopener'>John Zogby Strategies</a>,"1,000 LV@@1000",0,56,39.6,16.4
"5/28 - 5/29, 2025@@23890",<a href='https://napolitannews.org/posts/voters-rate-trumps-performance-on-key-issues'style='color:#000000; text-decoration: underline;'target='_blank' rel='nofollow noopener'>RMG Research</a>^Sponsor: Napolitan News Service^,"1,000 RV@@1000",0,56,42,14
"5/26 - 5/28, 2025@@23889",<a href='https://my.wick.io/analysis/shared/item/8C788E73-03D9-45A4-94AF-2E0D70F34AF6/view'style='color:#000000; text-decoration: underline;'target='_blank' rel='nofollow noopener'>Wick</a>^Sponsor: 2Way^,"1,000 RV@@1000",0,54.6,42.3,12.3
"5/21 - 5/27, 2025@@23888",<a href='https://atlasintel.org/poll/usa-national-2025-05-30'style='color:#000000; text-decoration: underline;'target='_blank' rel='nofollow noopener'>AtlasIntel</a>,"3,469 A@@3469",0,47,53,-6
"5/23 - 5/26, 2025@@23887",<a href='https://d3nkl3psvxxpe9.cloudfront.net/documents/econTabReport_WokQXF7.pdf'style='color:#000000; text-decoration: underline;'target='_blank' rel='nofollow noopener'>YouGov</a>^Sponsor: Economist^,"1,660 A@@1660",0,48,48,0
"5/23 - 5/25, 2025@@23886",<a href='https://pro.morningconsult.com/trackers/donald-trump-congress-policy-republicans-polling'style='color:#000000; text-decoration: underline;'target='_blank' rel='nofollow noopener'>Morning Consult</a>,"2,208 RV@@2208",0,53,40,13
"5/17 - 5/20, 2025@@23881",<a href='https://civiqs.com/documents/Civiqs_DailyKos_banner_book_2025_05_x3b1sp.pdf'style='color:#000000; text-decoration: underline;'target='_blank' rel='nofollow noopener'>Civiqs</a>^Sponsor: Daily Kos^,"1,018 RV@@1018",0,47,52,-5
"5/16 - 5/19, 2025@@23880",<a href='https://d3nkl3psvxxpe9.cloudfront.net/documents/econTabReport_wObz24u.pdf'style='color:#000000; text-decoration: underline;'target='_blank' rel='nofollow noopener'>YouGov</a>^Sponsor: Economist^,"1,710 A@@1710",0,48,45,3
"5/16 - 5/19, 2025@@23880",<a href='https://pro.morningconsult.com/trackers/donald-trump-congress-policy-republicans-polling'style='color:#000000; text-decoration: underline;'target='_blank' rel='nofollow noopener'>Morning Consult</a>,"2,208 RV@@2208",0,53,40,13
"5/16 - 5/18, 2025@@23879",<a href='https://www.reuters.com/world/us/trumps-approval-rating-ticks-lower-economic-concerns-weigh-reutersipsos-poll-2025-05-20/'style='color:#000000; text-decoration: underline;'target='_blank' rel='nofollow noopener'>Ipsos</a>^Sponsor: Reuters^,"1,024 A@@1024",0,47,45,2
"5/14 - 5/15, 2025@@23876",<a href='https://harvardharrispoll.com/key-results-may-5/'style='color:#000000; text-decoration: underline;'target='_blank' rel='nofollow noopener'>Harris Insights & Analytics</a>^Sponsor: Harvard CAPS^,"1,903 RV@@1903",0,51,42,9
"5/5 - 5/15, 2025@@23876",<a href='https://law.marquette.edu/poll/wp-content/uploads/2025/05/MLSPSC26Toplines_NationalIssues.html#GE2020:_2024_vote'style='color:#000000; text-decoration: underline;'target='_blank' rel='nofollow noopener'>Marquette University Law School</a>,"1,004 A@@1004",0,50,50,0
"5/12 - 5/13, 2025@@23874",<a href='https://www.ipsos.com/sites/default/files/ct/news/documents/2025-05/Reuters%20Ipsos%20Issues%20Survey%20May%202025_2.pdf'style='color:#000000; text-decoration: underline;'target='_blank' rel='nofollow noopener'>Ipsos</a>^Sponsor: Reuters^,"1,163 A@@1163",0,47,47,0
"5/8 - 5/12, 2025@@23873",<a href='https://echelonin.wpenginepowered.com/wp-content/uploads/May-2025-Voter-Omnibus-Topline-External.pdf'style='color:#000000; text-decoration: underline;'target='_blank' rel='nofollow noopener'>Echelon Insights</a>,"1,000 LV@@1000",0,53,45,8
"5/9 - 5/12, 2025@@23873",<a href='https://d3nkl3psvxxpe9.cloudfront.net/documents/econTabReport_tDmEBHo.pdf'style='color:#000000; text-decoration: underline;'target='_blank' rel='nofollow noopener'>YouGov</a>^Sponsor: Economist^,"1,786 A@@1786",0,50,46,4
"5/9 - 5/11, 2025@@23872",<a href='https://pro.morningconsult.com/trackers/donald-trump-congress-policy-republicans-polling'style='color:#000000; text-decoration: underline;'target='_blank' rel='nofollow noopener'>Morning Consult</a>,"2,221 RV@@2221",0,51,44,7
"5/8 - 5/9, 2025@@23870",<a href='https://my.wick.io/analysis/shared/item/CCED3FFB-28C8-40CA-92F1-FFD179722079/view'style='color:#000000; text-decoration: underline;'target='_blank' rel='nofollow noopener'>Wick</a>^Sponsor: 2Way^,"1,000 RV@@1000",0,55,42,13
"5/1 - 5/6, 2025@@23867",<a href='https://www.gelliottmorris.com/p/new-poll-americans-oppose-trumps'style='color:#000000; text-decoration: underline;'target='_blank' rel='nofollow noopener'>Verasight</a>^Sponsor: Strength in Numbers^,"1,000 A@@1000",0,47,49,-2
"5/2 - 5/5, 2025@@23866",<a href='https://d3nkl3psvxxpe9.cloudfront.net/documents/econTabReport_wZDAeTq.pdf'style='color:#000000; text-decoration: underline;'target='_blank' rel='nofollow noopener'>YouGov</a>^Sponsor: Economist^,"1,850 A@@1850",0,45,47,-2
"5/1 - 5/5, 2025@@23866",<a href='https://apnorc.org/wp-content/uploads/2025/05/may-2025-Higher-Ed-topline.pdf'style='color:#000000; text-decoration: underline;'target='_blank' rel='nofollow noopener'>AP-NORC</a>,"1,175 LV@@1175",0,49,51,-2
"5/2 - 5/4, 2025@@23865",<a href='https://pro.morningconsult.com/trackers/donald-trump-congress-policy-republicans-polling'style='color:#000000; text-decoration: underline;'target='_blank' rel='nofollow noopener'>Morning Consult</a>,"2,263 RV@@2263",0,53,41,12
"4/28 - 5/3, 2025@@23864",<a href='https://www.highpoint.edu/src/files/2023/08/111memoISS.pdf'style='color:#000000; text-decoration: underline;'target='_blank' rel='nofollow noopener'>High Point University</a>,"1,000 A@@1000",0,45,44,1
"4/25 - 5/2, 2025@@23863",<a href='https://d3nkl3psvxxpe9.cloudfront.net/documents/Issue_Importance___Trump_Approval_poll_results.pdf'style='color:#000000; text-decoration: underline;'target='_blank' rel='nofollow noopener'>YouGov</a>,"2,220 A@@2220",0,46,46,0
"4/24 - 4/28, 2025@@23859",<a href='https://navigatorresearch.org/wp-content/uploads/2025/04/Navigator-Update-Topline-F04.28.25.pdf'style='color:#000000; text-decoration: underline;'target='_blank' rel='nofollow noopener'>Global Strategy Group/GBAO (Navigator Research)</a>,"1,000 RV@@1000",0,46,49,-3
"4/25 - 4/28, 2025@@23859",<a href='https://emersoncollegepolling.com/trump-100-days/'style='color:#000000; text-decoration: underline;'target='_blank' rel='nofollow noopener'>Emerson College</a>,"1,000 RV@@1000",0,44.6,43.6,1
"4/25 - 4/28, 2025@@23859",<a href='https://d3nkl3psvxxpe9.cloudfront.net/documents/econTabReport_fmq348X.pdf'style='color:#000000; text-decoration: underline;'target='_blank' rel='nofollow noopener'>YouGov</a>^Sponsor: Economist^,"1,785 A@@1785",0,46,47,-1
"4/25 - 4/28, 2025@@23859",<a href='https://www.scribd.com/document/855435184/20250428-combined-trump100'style='color:#000000; text-decoration: underline;'target='_blank' rel='nofollow noopener'>YouGov</a>^Sponsor: Yahoo News^,"1,597 A@@1597",0,48,46,2
"4/25 - 4/27, 2025@@23858",<a href='https://pro.morningconsult.com/trackers/donald-trump-congress-policy-republicans-polling'style='color:#000000; text-decoration: underline;'target='_blank' rel='nofollow noopener'>Morning Consult</a>,"2,224 RV@@2224",0,52,42,10
"4/25 - 4/27, 2025@@23858",<a href='https://www.reuters.com/world/us/trumps-approval-steady-concerns-over-economy-immigration-rise-reutersipsos-poll-2025-04-29/'style='color:#000000; text-decoration: underline;'target='_blank' rel='nofollow noopener'>Ipsos</a>^Sponsor: Reuters^,"1,029 A@@1029",0,45,48,-3
"4/23 - 4/25, 2025@@23856",<a href='https://www.cbsnews.com/news/cbs-news-poll-trump-100-days-tariffs/'style='color:#000000; text-decoration: underline;'target='_blank' rel='nofollow noopener'>YouGov</a>^Sponsor: CBS News^,"2,365 A@@2365",0,49,51,-2
"4/17 - 4/24, 2025@@23855",<a href='https://edition.cnn.com/.element/interactive/2025/04/REL5a-Trump-at-100days.pdf'style='color:#000000; text-decoration: underline;'target='_blank' rel='nofollow noopener'>SSRS</a>^Sponsor: CNN^,"1,678 A@@1678",0,45,54,-9
"4/21 - 4/24, 2025@@23855",<a href='https://www.nytimes.com/interactive/2025/04/25/us/elections/times-siena-poll-toplines.html'style='color:#000000; text-decoration: underline;'target='_blank' rel='nofollow noopener'>The New York Times/Siena College</a>,913 RV@@913,0,47,51,-4
"4/21 - 4/23, 2025@@23854",<a href='https://maristpoll.marist.edu/wp-content/uploads/2025/04/NPR_PBS-News_Marist-Poll_USA-NOS-and-Tables_202504251028-2.pdf'style='color:#000000; text-decoration: underline;'target='_blank' rel='nofollow noopener'>Marist College</a>^Sponsor: NPR | PBS News^,"1,439 A@@1439",0,44,52,-8
"4/22 - 4/23, 2025@@23854",<a href='https://johnzogbystrategies.com/real-time-analysis-of-trumps-dropping-numbers-among-bellwether-groups/'style='color:#000000; text-decoration: underline;'target='_blank' rel='nofollow noopener'>John Zogby Strategies</a>,"1,000 V@@1000",0,54.4,41.2,13.2
"4/19 - 4/22, 2025@@23853",<a href='https://d3nkl3psvxxpe9.cloudfront.net/documents/econTabReport_iR37dyy.pdf'style='color:#000000; text-decoration: underline;'target='_blank' rel='nofollow noopener'>YouGov</a>^Sponsor: Economist^,"1,625 A@@1625",0,45,50,-5
"4/18 - 4/22, 2025@@23853",<a href='https://www.washingtonpost.com/tablet/2025/04/25/april-18-22-2025-washington-post-abc-news-ipsos-national-poll/'style='color:#000000; text-decoration: underline;'target='_blank' rel='nofollow noopener'>Ipsos</a>^Sponsor: The Washington Post | ABC News^,"2,464 A@@2464",0,46,53,-7
"4/18 - 4/21, 2025@@23852",<a href='https://static.foxnews.com/foxnews.com/content/uploads/2025/04/fox_april-18-21-2025_national_topline_april-23-release.pdf?_gl=1*qk6xuf*_ga*YW1wLWN4NDF2YTdsN1hSRkN4T0t6bFo2d2c.*_ga_RH94J2NTVM*MTc0NTQ1MDEwOC4xLjEuMTc0NTQ1MDEwOS4wLjAuMA..'style='color:#000000; text-decoration: underline;'target='_blank' rel='nofollow noopener'>Beacon Research/Shaw & Co. Research</a>^Sponsor: FOX News^,"1,104 RV@@1104",0,47,48,-1
"4/16 - 4/21, 2025@@23852",<a href='https://www.ipsos.com/sites/default/files/ct/news/documents/2025-04/Reuters%20Ipsos%20Large%20Sample%20Poll%20April%202025%20Topline.pdf'style='color:#000000; text-decoration: underline;'target='_blank' rel='nofollow noopener'>Ipsos</a>^Sponsor: Reuters^,"4,306 A@@4306",0,45,46,-1
"4/17 - 4/21, 2025@@23852",<a href='https://apnorc.org/wp-content/uploads/2025/04/April-2025-100-days-topline.pdf'style='color:#000000; text-decoration: underline;'target='_blank' rel='nofollow noopener'>AP-NORC</a>,"1,260 A@@1260",0,46,53,-7
"4/11 - 4/20, 2025@@23851",<a href='https://www.nbcnews.com/politics/trump-administration/poll-americans-vent-disappointment-trump-ahead-100-day-mark-especially-rcna202656'style='color:#000000; text-decoration: underline;'target='_blank' rel='nofollow noopener'>SurveyMonkey</a>^Sponsor: NBC News^,"19,682 A@@19682",0,49,51,-2
"4/18 - 4/20, 2025@@23851",<a href='https://pro.morningconsult.com/trackers/donald-trump-congress-policy-republicans-polling'style='color:#000000; text-decoration: underline;'target='_blank' rel='nofollow noopener'>Morning Consult</a>,"2,207 RV@@2207",0,52,42,10
"4/12 - 4/15, 2025@@23846",<a href='https://civiqs.com/reports/2025/04/17/report-americans-say-trumps-tariffs-will-raise-prices'style='color:#000000; text-decoration: underline;'target='_blank' rel='nofollow noopener'>Civiqs</a>^Sponsor: Daily Kos^,"1,124 RV@@1124",0,49,51,-2
"4/9 - 4/14, 2025@@23845",<a href='https://45840940.fs1.hubspotusercontent-na1.net/hubfs/45840940/Clarity%20Omnibus%20Overview_April%202025.pdf'style='color:#000000; text-decoration: underline;'target='_blank' rel='nofollow noopener'>Clarity Campaign Labs</a>,"1,008 RV@@1008",0,48,45,3
"4/10 - 4/14, 2025@@23845",<a href='https://cdn.atlasintel.org/e3edc86b-aac7-4ebe-9ef7-6a8346f658f6.pdf?_gl=1*1po007n*_ga*NjMxOTI2NjYxLjE3NDQ5Mjc1MzM.*_ga_W78QD5CNP1*MTc0NDkyNzUzMy4xLjAuMTc0NDkyNzUzMy4wLjAuMA'style='color:#000000; text-decoration: underline;'target='_blank' rel='nofollow noopener'>AtlasIntel</a>,"2,347 A@@2347",0,46,52,-6
"4/10 - 4/14, 2025@@23845",<a href='https://echeloninsights.com/in-the-news/april-2025-verified-voter-omnibus-2-2-2-2/'style='color:#000000; text-decoration: underline;'target='_blank' rel='nofollow noopener'>Echelon Insights</a>,"1,014 LV@@1014",0,54,44,10
"4/11 - 4/13, 2025@@23844",<a href='https://pro.morningconsult.com/trackers/donald-trump-congress-policy-republicans-polling'style='color:#000000; text-decoration: underline;'target='_blank' rel='nofollow noopener'>Morning Consult</a>,"2,203 RV@@2203",0,52,42,10
"4/9 - 4/13, 2025@@23844",<a href='https://fm.cnbc.com/applications/cnbc.com/resources/editorialfiles/2025/04/21/fullsurveyliesmanhere.pdf'style='color:#000000; text-decoration: underline;'target='_blank' rel='nofollow noopener'>Hart Research Associates/Public Opinion Strategies</a>^Sponsor: CNBC^,"1,000 A@@1000",0,52,45,7
"4/10 - 4/12, 2025@@23843",<a href='https://www.yahoo.com/news/rcp-poll-voters-see-campus-145227408.html'style='color:#000000; text-decoration: underline;'target='_blank' rel='nofollow noopener'>RealClear Opinion Research</a>,"1,000 RV@@1000",0,45.4,40.8,4.600002
"4/8 - 4/11, 2025@@23842",<a href='https://www.cbsnews.com/news/poll-trump-tariffs-13-04-2025/'style='color:#000000; text-decoration: underline;'target='_blank' rel='nofollow noopener'>YouGov</a>^Sponsor: CBS News^,"2,410 A@@2410",0,50,50,0
"4/9 - 4/10, 2025@@23841",<a href='https://harvardharrispoll.com/wp-content/uploads/2025/04/HHP_April25_KeyResults.pdf'style='color:#000000; text-decoration: underline;'target='_blank' rel='nofollow noopener'>Harris Insights & Analytics</a>^Sponsor: Harvard CAPS^,"2,286 RV@@2286",0,51,42,9
"4/4 - 4/9, 2025@@23840",<a href='https://www.umass.edu/political-science/about/reports/2025-4'style='color:#000000; text-decoration: underline;'target='_blank' rel='nofollow noopener'>University of Massachusetts (Amherst)</a>^Sponsor: WCVB-TV^,"1,000 A@@1000",0,50,46,4
"4/5 - 4/8, 2025@@23839",<a href='https://d3nkl3psvxxpe9.cloudfront.net/documents/econTabReport_pXJ0PxA.pdf#page31'style='color:#000000; text-decoration: underline;'target='_blank' rel='nofollow noopener'>YouGov</a>^Sponsor: Economist^,"1,741 A@@1741",0,50,44,6
"4/3 - 4/7, 2025@@23838",<a href='https://poll.qu.edu/poll-release?releaseid=3922'style='color:#000000; text-decoration: underline;'target='_blank' rel='nofollow noopener'>Quinnipiac University</a>,"1,407 RV@@1407",0,45,50,-5
"4/4 - 4/6, 2025@@23837",<a href='https://pro.morningconsult.com/trackers/donald-trump-congress-policy-republicans-polling'style='color:#000000; text-decoration: underline;'target='_blank' rel='nofollow noopener'>Morning Consult</a>,"2,207 RV@@2207",0,52,41,11
"3/31 - 4/2, 2025@@23833",<a href='https://www.ipsos.com/sites/default/files/ct/news/documents/2025-04/Reuters%20Ipsos%20Signalgate%20Tariffs%20Survey%20Topline%20April%202%202025%20.pdf'style='color:#000000; text-decoration: underline;'target='_blank' rel='nofollow noopener'>Ipsos</a>^Sponsor: Reuters^,"1,468 A@@1468",0,48,44,4
"3/27 - 4/1, 2025@@23832",<a href='https://prod-i.a.dj.com/public/resources/documents/March_2025_WSJPoll.pdf'style='color:#000000; text-decoration: underline;'target='_blank' rel='nofollow noopener'>Fabrizio Lee & Associates/Impact Research</a>^Sponsor: Wall Street Journal^,"1,500 RV@@1500",0,52,47,5
"3/28 - 3/30, 2025@@23830",<a href='https://pro.morningconsult.com/trackers/donald-trump-congress-policy-republicans-polling'style='color:#000000; text-decoration: underline;'target='_blank' rel='nofollow noopener'>Morning Consult</a>,"2,210 RV@@2210",0,54,40,14
"3/27 - 3/28, 2025@@23828",<a href='https://www.scribd.com/document/844532642/cbsnews-20250330-SUN-1'style='color:#000000; text-decoration: underline;'target='_blank' rel='nofollow noopener'>YouGov</a>^Sponsor: CBS News^,"2,609 A@@2609",0,53,47,6
"3/26 - 3/27, 2025@@23827",<a href='https://harvardharrispoll.com/key-results-march-5/'style='color:#000000; text-decoration: underline;'target='_blank' rel='nofollow noopener'>Harris Insights & Analytics</a>^Sponsor: Harvard CAPS^,"2,746 RV@@2746",0,53,42,11
"3/22 - 3/25, 2025@@23825",<a href='https://d3nkl3psvxxpe9.cloudfront.net/documents/econTabReport_o8LZals.pdf'style='color:#000000; text-decoration: underline;'target='_blank' rel='nofollow noopener'>YouGov</a>^Sponsor: Economist^,"1,600 A@@1600",0,51,44,7
"3/20 - 3/24, 2025@@23824",<a href='https://apnorc.org/wp-content/uploads/2025/03/March-2025-topline-Trump-.pdf'style='color:#000000; text-decoration: underline;'target='_blank' rel='nofollow noopener'>AP-NORC</a>,"1,229 A@@1229",0,49,50,-1
"3/20 - 3/24, 2025@@23824",<a href='https://www.yahoo.com/news/more-americans-say-trumps-second-term-has-been-worse-than-expected-according-to-a-new-poll-120010590.html'style='color:#000000; text-decoration: underline;'target='_blank' rel='nofollow noopener'>YouGov</a>^Sponsor: Yahoo News^,"1,677 A@@1677",0,48,44,4
"3/21 - 3/23, 2025@@23823",<a href='https://pro.morningconsult.com/trackers/donald-trump-congress-policy-republicans-polling?utm_source=newsletter&utm_medium=email&utm_campaign=our_best_intel&utm_content=032425'style='color:#000000; text-decoration: underline;'target='_blank' rel='nofollow noopener'>Morning Consult</a>,"2,206 RV@@2206",0,53,40,13
"3/21 - 3/23, 2025@@23823",<a href='https://www.ipsos.com/sites/default/files/ct/news/documents/2025-03/Reuters%20Ipsos%20Tariffs%20Survey%20Topline%2003%2013%202025.pdf'style='color:#000000; text-decoration: underline;'target='_blank' rel='nofollow noopener'>Ipsos</a>^Sponsor: Reuters^,"1,030 A@@1030",0,50,41,9
"2/28 - 3/20, 2025@@23820",<a href='https://www.prri.org/wp-content/uploads/2025/04/2025-AVA-W1-Topline-V3.pdf'style='color:#000000; text-decoration: underline;'target='_blank' rel='nofollow noopener'>Public Religion Research Institute</a>,"5,025 A@@5025",0,48,49,-1
"3/18 - 3/19, 2025@@23819",<a href='https://x.com/ScottWRasmussen/status/1903133174705623146'style='color:#000000; text-decoration: underline;'target='_blank' rel='nofollow noopener'>RMG Research</a>^Sponsor: Napolitan News Service^,"1,000 RV@@1000",0,55,43,12
"3/16 - 3/18, 2025@@23818",<a href='https://d3nkl3psvxxpe9.cloudfront.net/documents/econTabReport_ngfganU.pdf#page40'style='color:#000000; text-decoration: underline;'target='_blank' rel='nofollow noopener'>YouGov</a>^Sponsor: Economist^,"1,618 A@@1618",0,50,45,5
"3/13 - 3/17, 2025@@23817",<a href='https://navigatorresearch.org/wp-content/uploads/2025/03/Navigator-Update-Topline-F03.17.25.pdf'style='color:#000000; text-decoration: underline;'target='_blank' rel='nofollow noopener'>Global Strategy Group/GBAO (Navigator Research)</a>,"1,000 RV@@1000",0,51,43,8
"3/14 - 3/17, 2025@@23817",<a href='https://www.foxnews.com/politics/fox-news-poll-trump-republicans-record-high-ratings-democrats-falter'style='color:#000000; text-decoration: underline;'target='_blank' rel='nofollow noopener'>Beacon Research/Shaw & Co. Research</a>^Sponsor: FOX News^,994 RV@@994,0,56,43,13
"3/14 - 3/16, 2025@@23816",<a href='https://pro.morningconsult.com/trackers/donald-trump-congress-policy-republicans-polling'style='color:#000000; text-decoration: underline;'target='_blank' rel='nofollow noopener'>Morning Consult</a>,"2,210 RV@@2210",0,55,40,15
"3/10 - 3/13, 2025@@23813",<a href='https://echelonin.wpenginepowered.com/wp-content/uploads/March-2025-Voter-Omnibus-Topline-External.pdf'style='color:#000000; text-decoration: underline;'target='_blank' rel='nofollow noopener'>Echelon Insights</a>,"1,007 LV@@1007",0,57,39,18
"3/7 - 3/12, 2025@@23812",<a href='https://atlasintel.org/poll/usa-national-2025-03-17'style='color:#000000; text-decoration: underline;'target='_blank' rel='nofollow noopener'>AtlasIntel</a>,"2,550 A@@2550",0,52,47,5
"3/11 - 3/12, 2025@@23812",<a href='https://www.ipsos.com/sites/default/files/ct/news/documents/2025-03/Reuters%20Ipsos%20Tariffs%20Survey%20Topline%2003%2013%202025.pdf'style='color:#000000; text-decoration: underline;'target='_blank' rel='nofollow noopener'>Ipsos</a>^Sponsor: Reuters^,"1,422 A@@1422",0,50,41,9
"3/7 - 3/11, 2025@@23811",<a href='https://www.documentcloud.org/documents/25569109-nbc-march-2025-poll-3-16-2025-release/'style='color:#000000; text-decoration: underline;'target='_blank' rel='nofollow noopener'>Hart Research Associates/Public Opinion Strategies</a>^Sponsor: NBC News^,"1,000 RV@@1000",0,55,43,12
"3/6 - 3/10, 2025@@23810",<a href='https://poll.qu.edu/poll-release?releaseid=3921'style='color:#000000; text-decoration: underline;'target='_blank' rel='nofollow noopener'>Quinnipiac University</a>,"1,198 RV@@1198",0,46,49,-3
"3/8 - 3/10, 2025@@23810",<a href='https://thehill.com/homenews/administration/5187064-trump-approval-rating-drops/'style='color:#000000; text-decoration: underline;'target='_blank' rel='nofollow noopener'>Emerson College</a>,"1,000 RV@@1000",0,48.1,40.3,7.799999
"3/7 - 3/9, 2025@@23809",<a href='https://pro.morningconsult.com/trackers/donald-trump-congress-policy-republicans-polling'style='color:#000000; text-decoration: underline;'target='_blank' rel='nofollow noopener'>Morning Consult</a>,"2,219 RV@@2219",0,54,39,15
"3/6 - 3/9, 2025@@23809",<a href='https://s3.documentcloud.org/documents/25558091/cnn-poll-trumps-performance-and-economy.pdf'style='color:#000000; text-decoration: underline;'target='_blank' rel='nofollow noopener'>SSRS</a>^Sponsor: CNN^,"1,206 A@@1206",0,51,48,3
"3/3 - 3/5, 2025@@23805",<a href='https://www.cygn.al/wp-content/uploads/2025/03/22915-Cygnal-National-NVT-Mar25-Deck-Public.pdf'style='color:#000000; text-decoration: underline;'target='_blank' rel='nofollow noopener'>Cygnal</a>,"1,500 LV@@1500",0,56.7,40.6,16.1
"3/3 - 3/4, 2025@@23804",<a href='https://www.ipsos.com/en-us/three-five-americans-say-cost-living-going-wrong-direction'style='color:#000000; text-decoration: underline;'target='_blank' rel='nofollow noopener'>Ipsos</a>^Sponsor: Reuters^,"1,174 A@@1174",0,49,42,7
"3/1 - 3/4, 2025@@23804",<a href='https://d3nkl3psvxxpe9.cloudfront.net/documents/econTabReport_uHE5Cxl.pdf'style='color:#000000; text-decoration: underline;'target='_blank' rel='nofollow noopener'>YouGov</a>^Sponsor: Economist^,"1,638 A@@1638",0,53,40,13
"2/24 - 3/2, 2025@@23802",<a href='https://drive.google.com/file/d/1psgeNBsAPSV3-diBTaAIE4_wiFjYwk5y/view'style='color:#000000; text-decoration: underline;'target='_blank' rel='nofollow noopener'>The Justice Research Fund</a>^Sponsor: Working Families Power^,"2,049 RV@@2049",0,48,47,1
"2/28 - 3/2, 2025@@23802",<a href='https://pro.morningconsult.com/trackers/donald-trump-congress-policy-republicans-polling'style='color:#000000; text-decoration: underline;'target='_blank' rel='nofollow noopener'>Morning Consult</a>,"2,229 RV@@2229",0,55,39,16
"2/28 - 3/1, 2025@@23801",<a href='https://johnzogbystrategies.com/03-03-25-new-zogby-strategies-poll-on-trump-the-democrats-first-40-days/'style='color:#000000; text-decoration: underline;'target='_blank' rel='nofollow noopener'>John Zogby Strategies</a>,"1,001 V@@1001",0,58,35.2,22.8
"2/26 - 2/28, 2025@@23800",<a href='https://www.cbsnews.com/news/trump-elon-musk-government-workforce-cuts-opinion-poll-2025-03-02/'style='color:#000000; text-decoration: underline;'target='_blank' rel='nofollow noopener'>YouGov</a>^Sponsor: CBS News^,"2,311 A@@2311",0,54,46,8
"2/21 - 2/24, 2025@@23796",<a href='https://pro.morningconsult.com/trackers/donald-trump-congress-policy-republicans-polling'style='color:#000000; text-decoration: underline;'target='_blank' rel='nofollow noopener'>Morning Consult</a>,"2,225 RV@@2225",0,56,38,18
"2/19 - 2/24, 2025@@23796",<a href='https://hoover.org/sites/default/files/2025-03/Crosstabs%20-%20Tariff%20Policy%20-%20Hoover%20Institution%20Survey.pdf?_gl=1*1qsu47j*_gcl_au*NzgxODA1ODkuMTc0MTM4OTE0NQ..*_ga*MTY2Nzg3Njc3OC4xNzQxMzg5MTQ1*_ga_0PJBLNCVZ1*MTc0MTM4OTE0NS4xLjEuMTc0MTM4OTE0NS42MC4wLjA.'style='color:#000000; text-decoration: underline;'target='_blank' rel='nofollow noopener'>YouGov</a>^Sponsor: Hoover Institution^,"1,645 A@@1645",0,50,42,8
"2/21 - 2/23, 2025@@23795",<a href='https://www.reuters.com/world/us/trump-approval-rating-holds-steady-44-reutersipsos-poll-finds-2025-02-25/'style='color:#000000; text-decoration: underline;'target='_blank' rel='nofollow noopener'>Ipsos</a>^Sponsor: Reuters^,"1,029 A@@1029",0,50,45,5
"2/19 - 2/20, 2025@@23792",<a href='https://harvardharrispoll.com/wp-content/uploads/2025/02/HHP_Feb2025_vFinal.pdf'style='color:#000000; text-decoration: underline;'target='_blank' rel='nofollow noopener'>Harris Insights & Analytics</a>^Sponsor: Harvard CAPS^,"2,443 RV@@2443",0,56,38,18
"2/19 - 2/20, 2025@@23792",<a href='https://napolitannews.org/posts/55-percent-approve-of-trumps-handling-of-immigration'style='color:#000000; text-decoration: underline;'target='_blank' rel='nofollow noopener'>RMG Research</a>^Sponsor: Napolitan News Service^,"1,000 RV@@1000",0,55,42,13
"2/13 - 2/18, 2025@@23790",<a href='https://www.reuters.com/world/us/trumps-approval-rating-slips-americans-worry-about-economy-2025-02-19/'style='color:#000000; text-decoration: underline;'target='_blank' rel='nofollow noopener'>Ipsos</a>^Sponsor: Reuters^,"4,145 A@@4145",0,47,44,3
"2/16 - 2/18, 2025@@23790",<a href='https://d3nkl3psvxxpe9.cloudfront.net/documents/econtoplines_KfNmvTk.pdf'style='color:#000000; text-decoration: underline;'target='_blank' rel='nofollow noopener'>YouGov</a>^Sponsor: Economist^,"1,603 A@@1603",0,51,43,8
"2/13 - 2/18, 2025@@23790",<a href='https://www.washingtonpost.com/politics/2025/02/20/trump-poll-unpopular-post-ipsos/'style='color:#000000; text-decoration: underline;'target='_blank' rel='nofollow noopener'>Ipsos</a>^Sponsor: The Washington Post^,"2,601 A@@2601",0,50,48,2
"2/16 - 2/17, 2025@@23789",<a href='https://blueprint-research.com/polling/trump-dems-moment-3-6/'style='color:#000000; text-decoration: underline;'target='_blank' rel='nofollow noopener'>Blueprint Polling</a>,"1,383 RV@@1383",0,52,43,9
"2/13 - 2/17, 2025@@23789",<a href='https://poll.qu.edu/poll-release?releaseid=3919'style='color:#000000; text-decoration: underline;'target='_blank' rel='nofollow noopener'>Quinnipiac University</a>,"1,039 RV@@1039",0,46,49,-3
"2/16 - 2/17, 2025@@23789",<a href='https://blueprint-research.com/polling/trump-dems-moment-3-6/'style='color:#000000; text-decoration: underline;'target='_blank' rel='nofollow noopener'>Blueprint Polling</a>,"1,383 RV@@1383",0,52,43,9
"2/14 - 2/16, 2025@@23788",<a href='https://pro.morningconsult.com/trackers/donald-trump-congress-policy-republicans-polling'style='color:#000000; text-decoration: underline;'target='_blank' rel='nofollow noopener'>Morning Consult</a>,"2,217 RV@@2217",0,55,37,18
"2/3 - 2/16, 2025@@23788",<a href='https://news.gallup.com/poll/656891/trump-job-approval-rating-congress-jumps.aspx'style='color:#000000; text-decoration: underline;'target='_blank' rel='nofollow noopener'>Gallup</a>,"1,004 A@@1004",0,46,51,-5
"2/10 - 2/13, 2025@@23785",<a href='https://echeloninsights.com/in-the-news/feb-2025-verified-voter-omnibus-2-2/'style='color:#000000; text-decoration: underline;'target='_blank' rel='nofollow noopener'>Echelon Insights</a>,"1,010 LV@@1010",0,55,43,12
"2/7 - 2/9, 2025@@23781",<a href='https://pro.morningconsult.com/trackers/donald-trump-congress-policy-republicans-polling'style='color:#000000; text-decoration: underline;'target='_blank' rel='nofollow noopener'>Morning Consult</a>,"22,303 RV@@22303",0,53,40,13
"2/2 - 2/4, 2025@@23776",<a href='https://d3nkl3psvxxpe9.cloudfront.net/documents/econTabReport_FOXP71G.pdf'style='color:#000000; text-decoration: underline;'target='_blank' rel='nofollow noopener'>YouGov</a>^Sponsor: Economist^,"1,423 RV@@1423",0,51,40,11
"1/31 - 2/3, 2025@@23775",<a href='https://pro.morningconsult.com/trackers/donald-trump-congress-policy-republicans-polling'style='color:#000000; text-decoration: underline;'target='_blank' rel='nofollow noopener'>Morning Consult</a>,"2,303 RV@@2303",0,56,38,18
"1/23 - 1/27, 2025@@23768",<a href='https://poll.qu.edu/poll-release?releaseid=3918'style='color:#000000; text-decoration: underline;'target='_blank' rel='nofollow noopener'>Quinnipiac University</a>,"1,019 RV@@1019",0,47,46,1
"1/24 - 1/26, 2025@@23767",<a href='https://www.reuters.com/world/us/americans-sour-some-trumps-early-moves-reutersipsos-poll-finds-2025-01-28/'style='color:#000000; text-decoration: underline;'target='_blank' rel='nofollow noopener'>Ipsos</a>^Sponsor: Reuters^,"1,034 A@@1034",0,48,41,7
"1/24 - 1/26, 2025@@23767",<a href='https://pro.morningconsult.com/trackers/donald-trump-congress-policy-republicans-polling'style='color:#000000; text-decoration: underline;'target='_blank' rel='nofollow noopener'>Morning Consult</a>,"2,302 RV@@2302",0,56,36,20
"1/22 - 1/24, 2025@@23765",<a href='https://echeloninsights.com/in-the-news/dec-2024-verified-voter-omnibus-2/'style='color:#000000; text-decoration: underline;'target='_blank' rel='nofollow noopener'>Echelon Insights</a>,"1,024 LV@@1024",0,55,40,15
"1/21 - 1/23, 2025@@23764",<a href='https://cdn.atlasintel.org/ed3f5238-e823-495e-a877-628217de9e68.pdf'style='color:#000000; text-decoration: underline;'target='_blank' rel='nofollow noopener'>AtlasIntel</a>,"1,882 A@@1882",0,51,49,2
"1/20 - 1/21, 2025@@23762",<a href='https://www.ipsos.com/en-us/reuters-ipsos-trump-inauguration-survey'style='color:#000000; text-decoration: underline;'target='_blank' rel='nofollow noopener'>Ipsos</a>^Sponsor: Reuters^,"1,077 A@@1077",0,46,39,7